date,regime,scalar,risk_score,vol_percentile,hill_alpha,hurst,threshold_median,threshold_75,tail_state,persistence_state,turnover,data_hash,param_hash,version,w_XLK,w_XLF,w_XLE,w_XLV,w_XLP,w_XLU,w_XLI,w_TLT,w_IEF,w_GLD
2007-01-31,LOW,1.0,0.439,0.3173,4.0824,0.3332,0.54,0.7,STABLE,CHOPPY,0.0,f92d25d877d6f1ef,e40a34410cee0e70,1.2.0,,,,,,,,,,
2007-02-28,HIGH,0.5,0.7005,0.696,2.8046,0.3074,0.54,0.7,STABLE,CHOPPY,0.0,f92d25d877d6f1ef,e40a34410cee0e70,1.2.0,0.0,0.0,0.0,0.0,0.0,0.0,0.0,0.5,0.3,0.2
2007-03-31,HIGH,0.5,0.7449,0.8112,2.9756,0.3118,0.54,0.7,STABLE,CHOPPY,0.0,f92d25d877d6f1ef,e40a34410cee0e70,1.2.0,0.0,0.0,0.0,0.0,0.0,0.0,0.0,0.5,0.3,0.2
2007-04-30,HIGH,0.5,0.7406,0.8067,2.7952,0.3869,0.54,0.7,WORSENING,CHOPPY,0.0,f92d25d877d6f1ef,e40a34410cee0e70,1.2.0,0.0,0.0,0.0,0.0,0.0,0.0,0.0,0.5,0.3,0.2
2007-05-31,MID,0.8,0.573,0.5086,2.8404,0.4626,0.54,0.7,STABLE,CHOPPY,2.0,f92d25d877d6f1ef,e40a34410cee0e70,1.2.0,0.10057690855445646,0.08402751135789531,0.052159320510987,0.33814957088919934,0.17780514590748145,0.24728154277998043,0.0,0.0,0.0,0.0
2007-06-30,MID,0.8,0.6354,0.5545,2.6894,0.3248,0.54,0.7,WORSENING,CHOPPY,0.8273832771768961,f92d25d877d6f1ef,e40a34410cee0e70,1.2.0,0.10054445772587225,0.08400040014114961,0.3998709412367089,0.08995408202934899,0.07192129552265827,0.18772880548153587,0.06598001786272621,0.0,0.0,0.0
2007-07-31,HIGH,0.5,0.8705,0.958,2.2673,0.3653,0.54,0.7,WORSENING,CHOPPY,2.0000000000000004,f92d25d877d6f1ef,e40a34410cee0e70,1.2.0,0.0,0.0,0.0,0.0,0.0,0.0,0.0,0.5,0.3,0.2
2007-08-31,HIGH,0.5,0.8969,0.9972,2.2421,0.3467,0.54,0.7,WORSENING,CHOPPY,0.0,f92d25d877d6f1ef,e40a34410cee0e70,1.2.0,0.0,0.0,0.0,0.0,0.0,0.0,0.0,0.5,0.3,0.2
2007-09-30,HIGH,0.5,0.882,0.9733,2.2421,0.3615,0.54,0.7,WORSENING,CHOPPY,0.0,f92d25d877d6f1ef,e40a34410cee0e70,1.2.0,0.0,0.0,0.0,0.0,0.0,0.0,0.0,0.5,0.3,0.2
2007-10-31,HIGH,0.5,0.8203,0.8869,2.332,0.4021,0.54,0.7,STABLE,CHOPPY,0.0,f92d25d877d6f1ef,e40a34410cee0e70,1.2.0,0.0,0.0,0.0,0.0,0.0,0.0,0.0,0.5,0.3,0.2
2007-11-30,HIGH,0.5,0.7864,0.9928,3.9709,0.3054,0.54,0.7,STABLE,CHOPPY,0.0,f92d25d877d6f1ef,e40a34410cee0e70,1.2.0,0.0,0.0,0.0,0.0,0.0,0.0,0.0,0.5,0.3,0.2
2007-12-31,HIGH,0.5,0.7683,0.9818,3.6929,0.4253,0.54,0.7,STABLE,CHOPPY,0.0,f92d25d877d6f1ef,e40a34410cee0e70,1.2.0,0.0,0.0,0.0,0.0,0.0,0.0,0.0,0.5,0.3,0.2
2008-01-31,LOW,1.0,0.7276,0.9978,5.3116,0.4214,0.7449,0.8203,STABLE,CHOPPY,2.0,f92d25d877d6f1ef,e40a34410cee0e70,1.2.0,0.13954293527860684,0.0,0.3334827835982025,0.09819383955315396,0.12644511226034746,0.17258875824190814,0.1297465710677812,0.0,0.0,0.0
2008-02-29,LOW,1.0,0.6529,0.8792,6.5797,0.3895,0.7428,0.8119,STABLE,CHOPPY,0.0,f92d25d877d6f1ef,e40a34410cee0e70,1.2.0,0.13954293527860684,0.0,0.3334827835982025,0.09819383955315396,0.12644511226034746,0.17258875824190814,0.1297465710677812,0.0,0.0,0.0
2008-03-31,LOW,1.0,0.6945,0.98,6.5946,0.4323,0.7406,0.8034,STABLE,CHOPPY,0.0,f92d25d877d6f1ef,e40a34410cee0e70,1.2.0,0.13954293527860684,0.0,0.3334827835982025,0.09819383955315396,0.12644511226034746,0.17258875824190814,0.1297465710677812,0.0,0.0,0.0
2008-04-30,LOW,1.0,0.6569,0.9061,6.708,0.4279,0.7341,0.7949,STABLE,CHOPPY,0.21563127277875258,f92d25d877d6f1ef,e40a34410cee0e70,1.2.0,0.13091819785819833,0.0,0.3910109840196404,0.09212476783155953,0.11862991266488099,0.0872821305900012,0.1800340070357195,0.0,0.0,0.0
2008-05-31,LOW,1.0,0.6189,0.8361,6.708,0.4429,0.7276,0.7864,STABLE,CHOPPY,0.0,f92d25d877d6f1ef,e40a34410cee0e70,1.2.0,0.13091819785819833,0.0,0.3910109840196404,0.09212476783155953,0.11862991266488099,0.0872821305900012,0.1800340070357195,0.0,0.0,0.0
2008-06-30,LOW,1.0,0.5016,0.6011,7.5719,0.3911,0.714,0.7819,STABLE,CHOPPY,0.10401464002135374,f92d25d877d6f1ef,e40a34410cee0e70,1.2.0,0.12345838487608402,0.0,0.36873089719856794,0.08687543236645864,0.11187029500253666,0.13928945060067816,0.1697755399556747,0.0,0.0,0.0
2008-07-31,LOW,1.0,0.5964,0.7235,5.5288,0.3694,0.7005,0.7774,WORSENING,CHOPPY,0.265789496225866,f92d25d877d6f1ef,e40a34410cee0e70,1.2.0,0.06898375651719417,0.0,0.3615432943061574,0.08518198569925324,0.17785083861312792,0.2062036551030198,0.10023646976124737,0.0,0.0,0.0
2008-08-31,LOW,1.0,0.6263,0.8402,6.404,0.4375,0.6975,0.7728,STABLE,CHOPPY,0.21305180807551444,f92d25d877d6f1ef,e40a34410cee0e70,1.2.0,0.07582385958590866,0.0,0.29187388341588305,0.1572939642582623,0.1954856867047636,0.16934716195553698,0.1101754440796454,0.0,0.0,0.0
2008-09-30,CRISIS,0.2,0.801,0.9984,3.3653,0.3825,0.7005,0.7864,WORSENING,CHOPPY,2.0,f92d25d877d6f1ef,e40a34410cee0e70,1.2.0,0.0,0.0,0.0,0.0,0.0,0.0,0.0,0.5,0.3,0.2
2008-10-31,CRISIS,0.2,0.9754,0.9985,1.8648,0.1192,0.714,0.7973,WORSENING,CHOPPY,0.0,f92d25d877d6f1ef,e40a34410cee0e70,1.2.0,0.0,0.0,0.0,0.0,0.0,0.0,0.0,0.5,0.3,0.2
2008-11-30,CRISIS,0.2,0.8254,0.9985,3.3379,0.2681,0.7276,0.8107,WORSENING,CHOPPY,0.0,f92d25d877d6f1ef,e40a34410cee0e70,1.2.0,0.0,0.0,0.0,0.0,0.0,0.0,0.0,0.5,0.3,0.2
2008-12-31,HIGH,0.5,0.8286,0.9682,2.825,0.3394,0.7341,0.8216,STABLE,CHOPPY,0.0,f92d25d877d6f1ef,e40a34410cee0e70,1.2.0,0.0,0.0,0.0,0.0,0.0,0.0,0.0,0.5,0.3,0.2
2009-01-31,MID,0.8,0.7658,0.9017,3.2807,0.3396,0.7406,0.8203,STABLE,CHOPPY,2.0,f92d25d877d6f1ef,e40a34410cee0e70,1.2.0,0.0794703326340909,0.0,0.0865826821825534,0.23626775288898216,0.32960405370732815,0.17277029406456693,0.09530488452247858,0.0,0.0,0.0
2009-02-28,MID,0.8,0.7484,0.8714,3.2807,0.3509,0.7428,0.8155,STABLE,CHOPPY,0.11262726376331388,f92d25d877d6f1ef,e40a34410cee0e70,1.2.0,0.08614588471971654,0.0,0.09385567558103407,0.25611437537420806,0.2732904218256712,0.18728309473682836,0.10331054776254187,0.0,0.0,0.0
2009-03-31,MID,0.8,0.7521,0.8738,3.2807,0.3385,0.7449,0.8107,STABLE,CHOPPY,0.1462328794877572,f92d25d877d6f1ef,e40a34410cee0e70,1.2.0,0.1592623244635951,0.0,0.08634638855863337,0.23562295231064173,0.25142476260733165,0.17229878500685294,0.0950447870529452,0.0,0.0,0.0
2009-04-30,LOW,1.0,0.7325,0.8372,3.2807,0.345,0.7428,0.8058,STABLE,CHOPPY,0.16221418220499337,f92d25d877d6f1ef,e40a34410cee0e70,1.2.0,0.17616145022687124,0.0,0.09550849569459069,0.15451586120814503,0.27810312924309155,0.19058119326943018,0.10512987035787126,0.0,0.0,0.0
2009-05-31,LOW,1.0,0.6889,0.7972,3.2807,0.4628,0.7406,0.801,STABLE,CHOPPY,0.13370470229980708,f92d25d877d6f1ef,e40a34410cee0e70,1.2.0,0.16223238096429302,0.0,0.08795664794367067,0.22136821235804857,0.25611354103081263,0.17551195628383587,0.09681726141933922,0.0,0.0,0.0
2009-06-30,LOW,1.0,0.6786,0.7598,3.2807,0.4209,0.7365,0.7973,STABLE,CHOPPY,0.0,f92d25d877d6f1ef,e40a34410cee0e70,1.2.0,0.16223238096429302,0.0,0.08795664794367067,0.22136821235804857,0.25611354103081263,0.17551195628383587,0.09681726141933922,0.0,0.0,0.0
2009-07-31,LOW,1.0,0.6478,0.7088,3.2807,0.4474,0.7325,0.7937,STABLE,CHOPPY,0.29484130243859885,f92d25d877d6f1ef,e40a34410cee0e70,1.2.0,0.22389439075821155,0.0,0.0,0.29357335970574244,0.265948991315906,0.11604795300820712,0.1005353052119329,0.0,0.0,0.0
2009-08-31,LOW,1.0,0.5301,0.4843,3.2807,0.4744,0.73,0.7901,STABLE,CHOPPY,0.1442489733094906,f92d25d877d6f1ef,e40a34410cee0e70,1.2.0,0.22746102746920838,0.06087111322110445,0.0,0.2214488730509971,0.2701855576383926,0.11789659641563437,0.10213683220466306,0.0,0.0,0.0
2009-09-30,LOW,1.0,0.5202,0.417,3.1759,0.3864,0.7276,0.7864,STABLE,CHOPPY,0.12174222644220896,f92d25d877d6f1ef,e40a34410cee0e70,1.2.0,0.2275345713834647,0.0,0.06056746905360307,0.2215204730833764,0.27027291547593224,0.11793471537286575,0.10216985563075784,0.0,0.0,0.0
2009-10-31,LOW,1.0,0.4786,0.4557,4.0205,0.4925,0.714,0.7819,STABLE,NEUTRAL,0.38258394774166427,f92d25d877d6f1ef,e40a34410cee0e70,1.2.0,0.34276174421020256,0.0,0.1366322700976974,0.13566201810218265,0.16652883111738936,0.11702949573268595,0.10138564073984221,0.0,0.0,0.0
2009-11-30,LOW,1.0,0.5468,0.4501,2.7438,0.4848,0.7005,0.7774,WORSENING,NEUTRAL,0.14318115925598165,f92d25d877d6f1ef,e40a34410cee0e70,1.2.0,0.4143523238381933,0.0,0.13497787142914233,0.1340193676363647,0.16451243282231862,0.05197998178955288,0.10015802248442815,0.0,0.0,0.0
2009-12-31,LOW,1.0,0.4371,0.3612,3.7842,0.5104,0.6975,0.7728,STABLE,NEUTRAL,0.3290248656446372,f92d25d877d6f1ef,e40a34410cee0e70,1.2.0,0.4299090784726395,0.0695547728928401,0.14004558194045824,0.1390510913618885,0.0,0.0539315572389495,0.16750791809322416,0.0,0.0,0.0
2010-01-31,LOW,1.0,0.4727,0.378,2.7553,0.6701,0.6945,0.7683,WORSENING,PERSISTENT,0.13543115808589754,f92d25d877d6f1ef,e40a34410cee0e70,1.2.0,0.4007975362880442,0.06484483117120063,0.1305623142669534,0.12963516619376425,0.06771557904294877,0.050279550611826096,0.15616502242526265,0.0,0.0,0.0
2010-02-28,LOW,1.0,0.4589,0.3442,3.6373,0.3908,0.6917,0.7677,STABLE,CHOPPY,0.5442643377896379,f92d25d877d6f1ef,e40a34410cee0e70,1.2.0,0.29693929592739615,0.32369227946697726,0.0821259467000564,0.0600771558383165,0.07173371434314212,0.0,0.1654316077241116,0.0,0.0,0.0
2010-03-31,LOW,1.0,0.4035,0.3383,4.6555,0.4729,0.6889,0.7671,STABLE,CHOPPY,0.3379182443809693,f92d25d877d6f1ef,e40a34410cee0e70,1.2.0,0.1279801737369115,0.3953191083897931,0.08334347010442106,0.06096780424165191,0.07279717211263076,0.0,0.2595922714145917,0.0,0.0,0.0
2010-04-30,LOW,1.0,0.3536,0.3138,6.1443,0.5048,0.6838,0.7664,STABLE,NEUTRAL,0.2675299527085652,f92d25d877d6f1ef,e40a34410cee0e70,1.2.0,0.13735920669403595,0.424290087549353,0.08945130016939175,0.0,0.0,0.07028290254424033,0.2786165030429789,0.0,0.0,0.0
2010-05-31,LOW,1.0,0.5791,0.696,4.8125,0.4677,0.6786,0.7658,STABLE,CHOPPY,0.31940799582111495,f92d25d877d6f1ef,e40a34410cee0e70,1.2.0,0.14250337022496795,0.3348689921830359,0.09280129124171071,0.07260184870175568,0.06817368234818598,0.0,0.2890508153003438,0.0,0.0,0.0
2010-06-30,LOW,1.0,0.6501,0.809,4.4263,0.45,0.6678,0.7624,WORSENING,CHOPPY,0.3775927330693198,f92d25d877d6f1ef,e40a34410cee0e70,1.2.0,0.22477568112242458,0.23887391689008672,0.0,0.07877257346657861,0.07396803934456574,0.06999137599576984,0.3136184131805746,0.0,0.0,0.0
2010-07-31,MID,0.8,0.6589,0.8118,4.4089,0.4153,0.6589,0.759,WORSENING,CHOPPY,0.365961106588452,f92d25d877d6f1ef,e40a34410cee0e70,1.2.0,0.12516446394569172,0.22881353268534627,0.051666477913744235,0.07545499754959571,0.12100743838474913,0.0,0.39789308952087293,0.0,0.0,0.0
2010-08-31,LOW,1.0,0.5975,0.6697,3.7015,0.4971,0.6579,0.7555,WORSENING,NEUTRAL,0.20599161041131728,f92d25d877d6f1ef,e40a34410cee0e70,1.2.0,0.12764172946887947,0.12581772747968756,0.05268906515940044,0.07694840916251912,0.12340242771087186,0.08773241824099684,0.40576822277764457,0.0,0.0,0.0
2010-09-30,LOW,1.0,0.5088,0.5,3.7015,0.5166,0.6569,0.7521,WORSENING,NEUTRAL,0.2516354549593752,f92d25d877d6f1ef,e40a34410cee0e70,1.2.0,0.13195863841719496,0.0,0.05447103644583971,0.0795508439419171,0.12757596129307547,0.18695200710671708,0.41949151279525565,0.0,0.0,0.0
2010-10-31,LOW,1.0,0.4286,0.3278,3.4924,0.5356,0.6549,0.7512,WORSENING,PERSISTENT,0.0,f92d25d877d6f1ef,e40a34410cee0e70,1.2.0,0.13195863841719496,0.0,0.05447103644583971,0.0795508439419171,0.12757596129307547,0.18695200710671708,0.41949151279525565,0.0,0.0,0.0
2010-11-30,LOW,1.0,0.4996,0.2811,2.3108,0.5029,0.6529,0.7503,WORSENING,NEUTRAL,0.24859994573005384,f92d25d877d6f1ef,e40a34410cee0e70,1.2.0,0.12605799655307412,0.062550253521581,0.11622075578928569,0.07599366082969233,0.1218712945346824,0.0965724429399047,0.40073359583177987,0.0,0.0,0.0
2010-12-31,LOW,1.0,0.4332,0.1764,2.4443,0.5024,0.6515,0.7493,WORSENING,NEUTRAL,0.199367365526062,f92d25d877d6f1ef,e40a34410cee0e70,1.2.0,0.12236107899889384,0.060715834947706555,0.21590443855231667,0.0,0.11829716087846291,0.09374025165242623,0.3889812349701939,0.0,0.0,0.0
2011-01-31,LOW,1.0,0.5046,0.1867,2.0604,0.3995,0.6501,0.7484,WORSENING,CHOPPY,0.17498186013902572,f92d25d877d6f1ef,e40a34410cee0e70,1.2.0,0.1158366066004121,0.10660781036691601,0.25750339320262006,0.0,0.06307012166787072,0.0887418837928349,0.36824018436934625,0.0,0.0,0.0
2011-02-28,LOW,1.0,0.4352,0.1198,2.2637,0.4491,0.6489,0.7475,STABLE,CHOPPY,0.1391611894795981,f92d25d877d6f1ef,e40a34410cee0e70,1.2.0,0.18286515821770077,0.10713515188691503,0.25877714819588943,0.0,0.06338210156608257,0.08918085050386504,0.2986595896295472,0.0,0.0,0.0
2011-03-31,LOW,1.0,0.4815,0.2822,2.5943,0.4543,0.6478,0.7467,STABLE,CHOPPY,0.31349013899748046,f92d25d877d6f1ef,e40a34410cee0e70,1.2.0,0.07411607157215243,0.09792589951696858,0.3579074007036489,0.057614816990980734,0.05793382657156208,0.08151493558806355,0.27298704905662374,0.0,0.0,0.0
2011-04-30,LOW,1.0,0.4636,0.241,2.6014,0.4378,0.6416,0.7458,STABLE,CHOPPY,0.2971962581105283,f92d25d877d6f1ef,e40a34410cee0e70,1.2.0,0.13232925997185882,0.0,0.43927412933070586,0.06025144136290916,0.06058504976509522,0.0852453000511028,0.22231481951832816,0.0,0.0,0.0
2011-05-31,LOW,1.0,0.3884,0.2156,3.4041,0.478,0.6354,0.7449,STABLE,CHOPPY,0.8623004706506401,f92d25d877d6f1ef,e40a34410cee0e70,1.2.0,0.06504127934469309,0.0,0.21065790531701156,0.25117553593770975,0.24667079497043268,0.13938569559628483,0.08706878883386818,0.0,0.0,0.0
2011-06-30,LOW,1.0,0.3851,0.2475,3.926,0.4574,0.6308,0.7438,STABLE,CHOPPY,0.5554301583278345,f92d25d877d6f1ef,e40a34410cee0e70,1.2.0,0.0640860156064841,0.0,0.398409975576528,0.16020081673453887,0.06293286174914144,0.13733853259503873,0.17703179773826896,0.0,0.0,0.0
2011-07-31,LOW,1.0,0.4263,0.4049,4.5882,0.5344,0.6263,0.7428,STABLE,PERSISTENT,0.3982434273815199,f92d25d877d6f1ef,e40a34410cee0e70,1.2.0,0.1946568298374186,0.06034826858392307,0.4054936662779501,0.08807175166440104,0.06405180192362168,0.07712599216938341,0.1102516895433021,0.0,0.0,0.0
2011-08-31,CRISIS,0.2,0.8854,0.8658,2.0373,0.2099,0.6308,0.7458,WORSENING,CHOPPY,2.0,f92d25d877d6f1ef,e40a34410cee0e70,1.2.0,0.0,0.0,0.0,0.0,0.0,0.0,0.0,0.5,0.3,0.2
2011-09-30,CRISIS,0.2,0.8053,0.878,2.297,0.4745,0.6354,0.7484,WORSENING,CHOPPY,0.0,f92d25d877d6f1ef,e40a34410cee0e70,1.2.0,0.0,0.0,0.0,0.0,0.0,0.0,0.0,0.5,0.3,0.2
2011-10-31,HIGH,0.5,0.7546,0.8883,2.8898,0.4862,0.6416,0.7512,STABLE,NEUTRAL,0.0,f92d25d877d6f1ef,e40a34410cee0e70,1.2.0,0.0,0.0,0.0,0.0,0.0,0.0,0.0,0.5,0.3,0.2
2011-11-30,MID,0.8,0.7291,0.8297,3.0184,0.4225,0.6478,0.7503,STABLE,CHOPPY,2.0,f92d25d877d6f1ef,e40a34410cee0e70,1.2.0,0.10800000231144628,0.0,0.27075645860949926,0.13904149915137373,0.17232823007207695,0.22697906294755385,0.08289474690804986,0.0,0.0,0.0
2011-12-31,MID,0.8,0.6992,0.7942,3.0184,0.4835,0.6489,0.7493,STABLE,NEUTRAL,0.3628579628949899,f92d25d877d6f1ef,e40a34410cee0e70,1.2.0,0.10428123200300479,0.0,0.09590056707164786,0.18943545725431368,0.2325966087069111,0.2977457076572747,0.08004042730684781,0.0,0.0,0.0
2012-01-31,LOW,1.0,0.6432,0.6948,3.0184,0.5148,0.6478,0.7484,STABLE,NEUTRAL,0.2352056801205062,f92d25d877d6f1ef,e40a34410cee0e70,1.2.0,0.10508515118450962,0.0,0.09663987848852743,0.30487802342304254,0.17849525051837098,0.23424422578556175,0.08065747059998768,0.0,0.0,0.0
2012-02-29,LOW,1.0,0.5071,0.3837,3.0184,0.4176,0.6455,0.7475,STABLE,CHOPPY,0.10313299866819688,f92d25d877d6f1ef,e40a34410cee0e70,1.2.0,0.09848887358295105,0.0,0.09057371729728596,0.28574059007071456,0.2300617498524694,0.21954053147264446,0.07559453772393454,0.0,0.0,0.0
2012-03-31,LOW,1.0,0.3509,0.0874,3.0184,0.458,0.6432,0.7467,STABLE,CHOPPY,0.30039966968835363,f92d25d877d6f1ef,e40a34410cee0e70,1.2.0,0.21069243934186954,0.0,0.0,0.22611447252382377,0.2467059636720574,0.23542356961453426,0.08106355484771512,0.0,0.0,0.0
2012-04-30,LOW,1.0,0.4017,0.1837,3.0184,0.4447,0.6393,0.7458,STABLE,CHOPPY,0.25397321974860004,f92d25d877d6f1ef,e40a34410cee0e70,1.2.0,0.15994871936978608,0.06008256965456796,0.0,0.14987158262160716,0.30851316207701057,0.23921492983443154,0.08236903644259666,0.0,0.0,0.0
2012-05-31,LOW,1.0,0.4625,0.3196,3.0667,0.465,0.6354,0.7449,STABLE,CHOPPY,0.26351200642461886,f92d25d877d6f1ef,e40a34410cee0e70,1.2.0,0.21032316338291326,0.05898345701618312,0.0,0.14712992640515035,0.1821047349264605,0.3205964890336138,0.08086222923567894,0.0,0.0,0.0
2012-06-30,LOW,1.0,0.55,0.4673,3.0184,0.412,0.6308,0.7438,STABLE,CHOPPY,0.08410287579286849,f92d25d877d6f1ef,e40a34410cee0e70,1.2.0,0.19950956435519063,0.05595086924419008,0.0,0.13956535765516886,0.2241561728228947,0.3041132742210183,0.07670476170153734,0.0,0.0,0.0
2012-07-31,LOW,1.0,0.571,0.4711,3.0184,0.3168,0.6263,0.7428,STABLE,CHOPPY,0.11190173848838021,f92d25d877d6f1ef,e40a34410cee0e70,1.2.0,0.21133387856144986,0.0,0.0,0.14783696431501633,0.23744121520818975,0.3221371264624161,0.08125081545292794,0.0,0.0,0.0
2012-08-31,LOW,1.0,0.4288,0.3698,4.6119,0.4311,0.6226,0.7417,STABLE,CHOPPY,0.7872851381789254,f92d25d877d6f1ef,e40a34410cee0e70,1.2.0,0.2835484062965015,0.07007171918589929,0.0,0.3310538792122715,0.08331414418309765,0.0826216283980455,0.14939022272418456,0.0,0.0,0.0
2012-09-30,LOW,1.0,0.3422,0.1687,3.9946,0.4616,0.6189,0.7406,STABLE,CHOPPY,0.38517098818473494,f92d25d877d6f1ef,e40a34410cee0e70,1.2.0,0.37781403203398944,0.07202055740442476,0.0,0.18623833864987824,0.17738729738750803,0.08491950532998928,0.10162026919421038,0.0,0.0,0.0
2012-10-31,LOW,1.0,0.3741,0.111,3.13,0.3654,0.6082,0.7386,WORSENING,CHOPPY,0.8581379517711796,f92d25d877d6f1ef,e40a34410cee0e70,1.2.0,0.11904453864093278,0.40098378611614144,0.09964695907316026,0.10661584027211739,0.08671031327273565,0.0851283619058224,0.10187020071908996,0.0,0.0,0.0
2012-11-30,LOW,1.0,0.3855,0.2509,4.5929,0.3531,0.5975,0.7365,STABLE,CHOPPY,0.7296259273029556,f92d25d877d6f1ef,e40a34410cee0e70,1.2.0,0.1113105341000322,0.1557005813867159,0.0,0.1727052304297545,0.3854338867665764,0.07959780044491488,0.09525196687200616,0.0,0.0,0.0
2012-12-31,LOW,1.0,0.401,0.2544,4.0333,0.375,0.597,0.7345,STABLE,CHOPPY,0.7593616597538018,f92d25d877d6f1ef,e40a34410cee0e70,1.2.0,0.10618392768412195,0.3815772821238893,0.0712436706330952,0.1066230319079947,0.08062788138023458,0.0759317808920258,0.1778124253786383,0.0,0.0,0.0
2013-01-31,LOW,1.0,0.3763,0.2333,4.0333,0.4452,0.5964,0.7325,STABLE,CHOPPY,0.17275403396638567,f92d25d877d6f1ef,e40a34410cee0e70,1.2.0,0.10482711965452533,0.3767015242611976,0.07033332585228733,0.1930000488911877,0.07959762605579884,0.0,0.1755403552850034,0.0,0.0,0.0
2013-02-28,LOW,1.0,0.3624,0.1766,4.0143,0.377,0.5878,0.7316,STABLE,CHOPPY,0.2837324570474616,f92d25d877d6f1ef,e40a34410cee0e70,1.2.0,0.09721417521508467,0.349344025706392,0.06522545201468519,0.2606429902085815,0.1538209132621357,0.0,0.07375244359312086,0.0,0.0,0.0
2013-03-31,LOW,1.0,0.3511,0.1342,3.6758,0.3964,0.5791,0.7308,WORSENING,CHOPPY,0.42558717104519683,f92d25d877d6f1ef,e40a34410cee0e70,1.2.0,0.0,0.29899006741356354,0.0,0.2805951758064112,0.23962034529930057,0.10139622831990712,0.07939818316081772,0.0,0.0,0.0
2013-04-30,LOW,1.0,0.3776,0.2315,3.8911,0.4614,0.5761,0.73,STABLE,CHOPPY,0.29245522824791453,f92d25d877d6f1ef,e40a34410cee0e70,1.2.0,0.0,0.15276245328960628,0.05484160370471081,0.34888934915651537,0.2527818099788057,0.10696555039062108,0.08375923347974083,0.0,0.0,0.0
2013-05-31,LOW,1.0,0.3968,0.1598,3.4739,0.2792,0.573,0.7291,WORSENING,CHOPPY,0.3362175275461611,f92d25d877d6f1ef,e40a34410cee0e70,1.2.0,0.0,0.286005497047765,0.058058145966462256,0.3693522324499974,0.08467304620572513,0.11323924025635676,0.08867183807369348,0.0,0.0,0.0
2013-06-30,LOW,1.0,0.5096,0.438,4.0501,0.2876,0.572,0.7288,STABLE,CHOPPY,0.22836096130192596,f92d25d877d6f1ef,e40a34410cee0e70,1.2.0,0.0,0.3941171051773853,0.059080503108499695,0.25517175179903434,0.08616407028314736,0.11523329197998321,0.09023327765195,0.0,0.0,0.0
2013-07-31,LOW,1.0,0.3867,0.2538,4.0501,0.4416,0.571,0.7284,STABLE,CHOPPY,0.3924567974998217,f92d25d877d6f1ef,e40a34410cee0e70,1.2.0,0.05254492675289561,0.32387172045294477,0.13818353610115947,0.2471356031493939,0.08345049688730073,0.0,0.1548137166563055,0.0,0.0,0.0
2013-08-31,LOW,1.0,0.3804,0.2765,4.2505,0.495,0.5605,0.728,STABLE,NEUTRAL,0.10508985350579131,f92d25d877d6f1ef,e40a34410cee0e70,1.2.0,0.0,0.3418333276141277,0.14584705914084015,0.26084150069766826,0.08807857938983893,0.0,0.163399533157525,0.0,0.0,0.0
2013-09-30,LOW,1.0,0.276,0.062,4.2505,0.481,0.55,0.7276,STABLE,NEUTRAL,0.0,f92d25d877d6f1ef,e40a34410cee0e70,1.2.0,0.0,0.3418333276141277,0.14584705914084015,0.26084150069766826,0.08807857938983893,0.0,0.163399533157525,0.0,0.0,0.0
2013-10-31,LOW,1.0,0.3049,0.1304,4.0961,0.5339,0.5484,0.7208,STABLE,PERSISTENT,0.21148772888539263,f92d25d877d6f1ef,e40a34410cee0e70,1.2.0,0.0,0.29064265369687986,0.09129386861539164,0.26111686104551873,0.08817156056114062,0.0,0.2687750560810691,0.0,0.0,0.0
2013-11-30,LOW,1.0,0.3014,0.0949,3.9728,0.4855,0.5468,0.714,WORSENING,NEUTRAL,0.1683930664816094,f92d25d877d6f1ef,e40a34410cee0e70,1.2.0,0.07758388767764553,0.2064461204560752,0.09214491216683918,0.2635509984540582,0.08899349788480414,0.0,0.27128058336057775,0.0,0.0,0.0
2013-12-31,LOW,1.0,0.2931,0.1164,3.9728,0.5808,0.5385,0.7073,STABLE,PERSISTENT,0.0,f92d25d877d6f1ef,e40a34410cee0e70,1.2.0,0.07758388767764553,0.2064461204560752,0.09214491216683918,0.2635509984540582,0.08899349788480414,0.0,0.27128058336057775,0.0,0.0,0.0
2014-01-31,LOW,1.0,0.319,0.1375,3.959,0.5065,0.5301,0.7005,STABLE,NEUTRAL,0.42968059267820063,f92d25d877d6f1ef,e40a34410cee0e70,1.2.0,0.07736772590381849,0.12103724551168142,0.09188818092715345,0.398885532652217,0.08874554701591007,0.07950576214094159,0.14257000584827806,0.0,0.0,0.0
2014-02-28,LOW,1.0,0.3966,0.2477,3.7098,0.4448,0.5252,0.7002,WORSENING,CHOPPY,0.39500083746734055,f92d25d877d6f1ef,e40a34410cee0e70,1.2.0,0.12417517717305329,0.18154117243086448,0.0,0.3775302583767906,0.08399434562576115,0.0,0.2327590463935304,0.0,0.0,0.0
2014-03-31,LOW,1.0,0.3777,0.265,3.7098,0.5829,0.5202,0.6998,STABLE,PERSISTENT,0.5647763104479837,f92d25d877d6f1ef,e40a34410cee0e70,1.2.0,0.21638222477286284,0.1846124414151325,0.06415920669436422,0.09514210315279881,0.08541534134326172,0.0,0.3542886826215799,0.0,0.0,0.0
2014-04-30,LOW,1.0,0.4059,0.283,3.3161,0.5825,0.5149,0.6995,WORSENING,PERSISTENT,0.4112078694105395,f92d25d877d6f1ef,e40a34410cee0e70,1.2.0,0.09620987886664807,0.09918085261607752,0.16313819104783242,0.10036209279853125,0.09010167034612666,0.07728051552119461,0.37372679880358944,0.0,0.0,0.0
2014-05-31,LOW,1.0,0.3452,0.1315,3.3161,0.5074,0.5096,0.6992,WORSENING,NEUTRAL,0.4107590450284804,f92d25d877d6f1ef,e40a34410cee0e70,1.2.0,0.1560383939834088,0.1044066857168621,0.17173393242626137,0.23209152571679717,0.0,0.0,0.33572946215667054,0.0,0.0,0.0
2014-06-30,LOW,1.0,0.2993,0.0694,3.3843,0.5635,0.5092,0.698,STABLE,PERSISTENT,0.188422839378003,f92d25d877d6f1ef,e40a34410cee0e70,1.2.0,0.1497767034634745,0.10021693255751757,0.16484239304821,0.22277788649482158,0.0,0.09421141968900158,0.26817466474697493,0.0,0.0,0.0
2014-07-31,LOW,1.0,0.3175,0.0506,2.9523,0.5552,0.5088,0.6969,WORSENING,PERSISTENT,0.540679489540226,f92d25d877d6f1ef,e40a34410cee0e70,1.2.0,0.3663413022009496,0.09178400393926432,0.15097144231800505,0.1339363268762449,0.05377514603263776,0.08628383542767255,0.11690794320522561,0.0,0.0,0.0
2014-08-31,LOW,1.0,0.2968,0.0501,3.3863,0.527,0.508,0.6957,STABLE,PERSISTENT,0.22082997267492993,f92d25d877d6f1ef,e40a34410cee0e70,1.2.0,0.34079679164627,0.08538402271058153,0.14044439669530845,0.24435131321370998,0.0,0.08026737391612992,0.10875610181800016,0.0,0.0,0.0
2014-09-30,LOW,1.0,0.3458,0.0921,3.0287,0.4919,0.5071,0.6945,WORSENING,NEUTRAL,0.6020913758792674,f92d25d877d6f1ef,e40a34410cee0e70,1.2.0,0.11448482076363246,0.08259477297764062,0.07467478108792742,0.3869331537943797,0.15846384735896393,0.0776452703404022,0.10520335367705368,0.0,0.0,0.0
2014-10-31,MID,0.8,0.5235,0.4128,2.9794,0.4216,0.508,0.6931,STABLE,CHOPPY,0.3429561597743981,f92d25d877d6f1ef,e40a34410cee0e70,1.2.0,0.26312679549296714,0.0897004043196106,0.0,0.33796647083851505,0.11062723151555702,0.08432509578935464,0.11425400204399565,0.0,0.0,0.0
2014-11-30,MID,0.8,0.526,0.3647,2.4802,0.4915,0.5088,0.6917,WORSENING,NEUTRAL,0.21011040605430625,f92d25d877d6f1ef,e40a34410cee0e70,1.2.0,0.17755300215995054,0.08702245567040828,0.0,0.3278766963171776,0.10732452572009038,0.18938029881650767,0.11084302131586546,0.0,0.0,0.0
2014-12-31,MID,0.8,0.5094,0.5118,3.3082,0.6392,0.5091,0.6903,STABLE,PERSISTENT,0.5124615915208256,f92d25d877d6f1ef,e40a34410cee0e70,1.2.0,0.11134658689862705,0.16886112046209378,0.0,0.1378523158180883,0.10963071140954803,0.3590844530948873,0.11322481231675546,0.0,0.0,0.0
2015-01-31,MID,0.8,0.5161,0.4923,3.5034,0.5065,0.5094,0.6889,STABLE,NEUTRAL,0.2575202835578045,f92d25d877d6f1ef,e40a34410cee0e70,1.2.0,0.1034664753551231,0.08916557604438904,0.0,0.2666124575969906,0.10187203412483298,0.33367168003429953,0.10521177684436477,0.0,0.0,0.0
2015-02-28,MID,0.8,0.5184,0.5386,3.8246,0.5391,0.5095,0.6863,STABLE,PERSISTENT,0.4120772767677503,f92d25d877d6f1ef,e40a34410cee0e70,1.2.0,0.17713582985880144,0.09280566980243962,0.0,0.277496639427815,0.21542187886588599,0.12763304165042436,0.10950694039463359,0.0,0.0,0.0
2015-03-31,LOW,1.0,0.4664,0.5108,5.0196,0.5429,0.5094,0.6838,STABLE,PERSISTENT,0.2241616449235129,f92d25d877d6f1ef,e40a34410cee0e70,1.2.0,0.16811406738856857,0.08807895409779715,0.0,0.3278741570744551,0.12266686811942887,0.18933634646554068,0.10392960685420959,0.0,0.0,0.0
2015-04-30,LOW,1.0,0.3301,0.2439,5.0049,0.5586,0.5091,0.6812,STABLE,PERSISTENT,0.41942855275317603,f92d25d877d6f1ef,e40a34410cee0e70,1.2.0,0.29239667345926673,0.16714478558590912,0.0,0.2059096927769096,0.1261129831166756,0.10158653438649815,0.10684933067474071,0.0,0.0,0.0
2015-05-31,LOW,1.0,0.3408,0.2387,5.0049,0.4924,0.5088,0.6786,STABLE,NEUTRAL,0.19021116704605712,f92d25d877d6f1ef,e40a34410cee0e70,1.2.0,0.21747320283209878,0.16042089134921794,0.0,0.30101527629993824,0.12103971470822558,0.09749991504810589,0.10255099976241362,0.0,0.0,0.0
2015-06-30,LOW,1.0,0.2896,0.1316,4.5486,0.5407,0.508,0.6737,WORSENING,PERSISTENT,0.0,f92d25d877d6f1ef,e40a34410cee0e70,1.2.0,0.21747320283209878,0.16042089134921794,0.0,0.30101527629993824,0.12103971470822558,0.09749991504810589,0.10255099976241362,0.0,0.0,0.0
2015-07-31,LOW,1.0,0.3409,0.2134,4.8511,0.4471,0.5071,0.6688,STABLE,CHOPPY,0.10312966117107354,f92d25d877d6f1ef,e40a34410cee0e70,1.2.0,0.16590837224656196,0.16067220020873957,0.0,0.3014868346184919,0.17156828646934685,0.0976526544590898,0.10271165199776987,0.0,0.0,0.0
2015-08-31,MID,0.8,0.6311,0.7062,3.9426,0.3709,0.508,0.6638,WORSENING,CHOPPY,0.14965296356669697,f92d25d877d6f1ef,e40a34410cee0e70,1.2.0,0.17131100918569894,0.16590432654561968,0.0,0.22666035283514346,0.1771552327428369,0.1529127264969805,0.10605635219372055,0.0,0.0,0.0
2015-09-30,CRISIS,0.2,0.7188,0.8042,3.3574,0.3099,0.5088,0.6786,WORSENING,CHOPPY,2.0,f92d25d877d6f1ef,e40a34410cee0e70,1.2.0,0.0,0.0,0.0,0.0,0.0,0.0,0.0,0.5,0.3,0.2
2015-10-31,CRISIS,0.2,0.7501,0.8151,2.9018,0.3209,0.5091,0.6863,WORSENING,CHOPPY,0.0,f92d25d877d6f1ef,e40a34410cee0e70,1.2.0,0.0,0.0,0.0,0.0,0.0,0.0,0.0,0.5,0.3,0.2
2015-11-30,MID,0.8,0.6532,0.6312,2.9018,0.346,0.5094,0.6838,WORSENING,CHOPPY,2.0,f92d25d877d6f1ef,e40a34410cee0e70,1.2.0,0.2739282625192319,0.15975848276656962,0.0,0.157914702943544,0.17360166982718536,0.10866586899310611,0.12613101295036294,0.0,0.0,0.0
2015-12-31,MID,0.8,0.6155,0.5705,2.9333,0.3713,0.5095,0.6812,STABLE,CHOPPY,0.12771443634525925,f92d25d877d6f1ef,e40a34410cee0e70,1.2.0,0.21007104434660234,0.16202223012446476,0.0,0.2137212438467704,0.17606157251649476,0.11020564371784454,0.12791826544782325,0.0,0.0,0.0
2016-01-31,CRISIS,0.2,0.6854,0.6963,2.6691,0.4377,0.5096,0.6854,WORSENING,CHOPPY,2.0,f92d25d877d6f1ef,e40a34410cee0e70,1.2.0,0.0,0.0,0.0,0.0,0.0,0.0,0.0,0.5,0.3,0.2
2016-02-29,HIGH,0.5,0.6893,0.7505,2.9696,0.44,0.5129,0.6881,STABLE,CHOPPY,0.0,f92d25d877d6f1ef,e40a34410cee0e70,1.2.0,0.0,0.0,0.0,0.0,0.0,0.0,0.0,0.5,0.3,0.2
2016-03-31,MID,0.8,0.6396,0.6934,3.342,0.4331,0.5161,0.6872,STABLE,CHOPPY,2.0,f92d25d877d6f1ef,e40a34410cee0e70,1.2.0,0.13672259060272768,0.07840246511730663,0.0,0.09870590244476955,0.27653538735881467,0.31723431750790415,0.09239933696847731,0.0,0.0,0.0
2016-04-30,MID,0.8,0.5286,0.4834,3.342,0.4631,0.5172,0.6863,STABLE,CHOPPY,0.16071463914567263,f92d25d877d6f1ef,e40a34410cee0e70,1.2.0,0.17643852807177532,0.07022969153603252,0.0,0.08841667250015701,0.24770898369010358,0.2841654051296656,0.133040719072266,0.0,0.0,0.0
2016-05-31,LOW,1.0,0.3559,0.1083,3.342,0.389,0.5161,0.6854,STABLE,CHOPPY,0.18501131938785398,f92d25d877d6f1ef,e40a34410cee0e70,1.2.0,0.12791078614960996,0.07425300154148586,0.0,0.09348187605350397,0.2037310659183419,0.35996093077253183,0.14066233956452642,0.0,0.0,0.0
2016-06-30,MID,0.8,0.5571,0.4917,2.9468,0.4616,0.5172,0.6837,WORSENING,CHOPPY,0.10677484332221955,f92d25d877d6f1ef,e40a34410cee0e70,1.2.0,0.11933475513434878,0.0692745625578399,0.0,0.08721419924115177,0.2571184875794517,0.33582663999445167,0.1312313554927562,0.0,0.0,0.0
2016-07-31,MID,0.8,0.5474,0.4598,2.9468,0.4304,0.5184,0.682,WORSENING,CHOPPY,0.0,f92d25d877d6f1ef,e40a34410cee0e70,1.2.0,0.11933475513434878,0.0692745625578399,0.0,0.08721419924115177,0.2571184875794517,0.33582663999445167,0.1312313554927562,0.0,0.0,0.0
2016-08-31,LOW,1.0,0.4787,0.3326,2.972,0.4473,0.5172,0.6803,STABLE,CHOPPY,0.725097120672606,f92d25d877d6f1ef,e40a34410cee0e70,1.2.0,0.3145733210681619,0.0,0.07311006461352126,0.0,0.12036809605807582,0.26651723297851626,0.22543128528172482,0.0,0.0,0.0
2016-09-30,LOW,1.0,0.3483,0.1025,2.9958,0.5163,0.5161,0.6786,STABLE,NEUTRAL,0.08803313623837965,f92d25d877d6f1ef,e40a34410cee0e70,1.2.0,0.29569566144501364,0.0,0.06872270299584174,0.0,0.11314476275328353,0.31053380109770606,0.21190307170815503,0.0,0.0,0.0
2016-10-31,LOW,1.0,0.3642,0.0886,2.8041,0.4703,0.5129,0.6737,WORSENING,CHOPPY,0.3616886497984951,f92d25d877d6f1ef,e40a34410cee0e70,1.2.0,0.187179073930055,0.07903884367170973,0.06771564691576427,0.0,0.11148674995267366,0.4123392823252439,0.14224040320455347,0.0,0.0,0.0
2016-11-30,LOW,1.0,0.4106,0.2034,2.9958,0.4565,0.5096,0.6688,STABLE,CHOPPY,0.32097474417177196,f92d25d877d6f1ef,e40a34410cee0e70,1.2.0,0.3263456303858321,0.08324670847615952,0.07132068810982442,0.0,0.1174220742754441,0.25185191023935793,0.14981298851338204,0.0,0.0,0.0
2016-12-31,LOW,1.0,0.3525,0.0547,2.4982,0.5752,0.5095,0.6638,WORSENING,PERSISTENT,0.6725083623016894,f92d25d877d6f1ef,e40a34410cee0e70,1.2.0,0.08643921368710776,0.2646165972137203,0.22620498052310833,0.0,0.05420586371760332,0.23107776451892448,0.13745558033953584,0.0,0.0,0.0
2017-01-31,LOW,1.0,0.3972,0.0528,2.3873,0.4027,0.5094,0.6589,WORSENING,CHOPPY,0.3340498833724238,f92d25d877d6f1ef,e40a34410cee0e70,1.2.0,0.14984155092568677,0.26842714279671187,0.12380726624009573,0.0,0.05498644179447479,0.16645053711572516,0.23648706112730566,0.0,0.0,0.0
2017-02-28,LOW,1.0,0.3795,0.0026,2.3823,0.368,0.5091,0.6584,WORSENING,CHOPPY,0.29880154610798587,f92d25d877d6f1ef,e40a34410cee0e70,1.2.0,0.15185738234981,0.3591901266991939,0.12547285616678672,0.0,0.0,0.07203620585620701,0.29144342892800235,0.0,0.0,0.0
2017-03-31,LOW,1.0,0.3725,0.0134,2.3552,0.4447,0.5088,0.6579,STABLE,CHOPPY,0.6878391745751942,f92d25d877d6f1ef,e40a34410cee0e70,1.2.0,0.38571979465731693,0.20864102667029175,0.12058517450190387,0.05363131617155433,0.0,0.12846206466474286,0.10296062333419027,0.0,0.0,0.0
2017-04-30,LOW,1.0,0.3835,0.0352,2.3328,0.4564,0.508,0.6574,STABLE,CHOPPY,0.3349948207538761,f92d25d877d6f1ef,e40a34410cee0e70,1.2.0,0.369627967425694,0.19993674081016477,0.05799324418663695,0.051393873639459416,0.0,0.05059014022691653,0.2704580337111283,0.0,0.0,0.0
2017-05-31,LOW,1.0,0.4346,0.0495,1.8415,0.4509,0.5071,0.6569,WORSENING,CHOPPY,0.26434763815648,f92d25d877d6f1ef,e40a34410cee0e70,1.2.0,0.4004624554657018,0.12575616591856167,0.0,0.05568116768028211,0.07027009149554742,0.05481038655901467,0.2930197328808922,0.0,0.0,0.0
2017-06-30,LOW,1.0,0.3891,0.059,2.2796,0.5178,0.5059,0.656,STABLE,NEUTRAL,0.4585332479306696,f92d25d877d6f1ef,e40a34410cee0e70,1.2.0,0.17119583150036702,0.32135236915152604,0.0,0.05963828466985747,0.07526400567695771,0.0587056193799793,0.3138438896213124,0.0,0.0,0.0
2017-07-31,LOW,1.0,0.3322,0.0256,2.909,0.4344,0.5046,0.655,STABLE,CHOPPY,0.20186388218639284,f92d25d877d6f1ef,e40a34410cee0e70,1.2.0,0.2583165722250222,0.3299710182809784,0.0,0.06123777949110004,0.07728258129449404,0.06028010018028933,0.212911948528116,0.0,0.0,0.0
2017-08-31,LOW,1.0,0.4189,0.071,2.3351,0.3677,0.5031,0.6541,STABLE,CHOPPY,0.3744532068038441,f92d25d877d6f1ef,e40a34410cee0e70,1.2.0,0.434036858436718,0.22285279887940557,0.0,0.06478214408374879,0.08175559855679554,0.0637690355155653,0.13280356452776682,0.0,0.0,0.0
2017-09-30,LOW,1.0,0.3619,0.0404,2.5175,0.4834,0.5016,0.6532,STABLE,NEUTRAL,0.4070197085695512,f92d25d877d6f1ef,e40a34410cee0e70,1.2.0,0.3122826027087379,0.29212073283040624,0.0,0.1315390413998658,0.0,0.06491124433564752,0.1991463787253425,0.0,0.0,0.0
2017-10-31,LOW,1.0,0.3489,0.0377,2.63,0.4904,0.5006,0.6531,STABLE,NEUTRAL,0.412919560829282,f92d25d877d6f1ef,e40a34410cee0e70,1.2.0,0.25328696400198036,0.39319676412893845,0.0,0.07882201290462114,0.055226547706171275,0.11506844574558503,0.10439926551270375,0.0,0.0,0.0
2017-11-30,LOW,1.0,0.3709,0.0034,2.26,0.4813,0.4996,0.653,WORSENING,NEUTRAL,0.3043922300084221,f92d25d877d6f1ef,e40a34410cee0e70,1.2.0,0.25376766593943584,0.2962271968308987,0.0,0.14175045873383788,0.0,0.11528682897358826,0.19296784952223933,0.0,0.0,0.0
2017-12-31,LOW,1.0,0.3979,0.0098,2.1425,0.4355,0.4906,0.6529,WORSENING,CHOPPY,0.36840816395549236,f92d25d877d6f1ef,e40a34410cee0e70,1.2.0,0.3450310634143747,0.1927980757869214,0.0,0.07581097112351189,0.09294068450280736,0.10973838220182211,0.18368082297056262,0.0,0.0,0.0
2018-01-31,LOW,1.0,0.4025,0.0514,2.1691,0.4989,0.4815,0.6529,WORSENING,NEUTRAL,0.21947676440364422,f92d25d877d6f1ef,e40a34410cee0e70,1.2.0,0.3454085553604803,0.19300901250697788,0.0,0.18465827831145626,0.0930423691439471,0.0,0.1838817846771385,0.0,0.0,0.0
2018-02-28,CRISIS,0.2,0.7927,0.682,1.5749,0.2414,0.4906,0.6531,WORSENING,CHOPPY,2.0,f92d25d877d6f1ef,e40a34410cee0e70,1.2.0,0.0,0.0,0.0,0.0,0.0,0.0,0.0,0.5,0.3,0.2
2018-03-31,HIGH,0.5,0.7646,0.7929,2.2247,0.5077,0.4996,0.655,STABLE,NEUTRAL,0.0,f92d25d877d6f1ef,e40a34410cee0e70,1.2.0,0.0,0.0,0.0,0.0,0.0,0.0,0.0,0.5,0.3,0.2
2018-04-30,HIGH,0.5,0.8058,0.8397,2.1603,0.4592,0.5006,0.6574,STABLE,CHOPPY,0.0,f92d25d877d6f1ef,e40a34410cee0e70,1.2.0,0.0,0.0,0.0,0.0,0.0,0.0,0.0,0.5,0.3,0.2
2018-05-31,HIGH,0.5,0.7148,0.6495,2.1154,0.4676,0.5016,0.6589,STABLE,CHOPPY,0.0,f92d25d877d6f1ef,e40a34410cee0e70,1.2.0,0.0,0.0,0.0,0.0,0.0,0.0,0.0,0.5,0.3,0.2
2018-06-30,MID,0.8,0.5482,0.3423,2.1154,0.5332,0.5031,0.6584,STABLE,PERSISTENT,2.0,f92d25d877d6f1ef,e40a34410cee0e70,1.2.0,0.21506204888794953,0.1497768820686309,0.35439669411343483,0.1667415458775588,0.0,0.0,0.114022829052426,0.0,0.0,0.0
2018-07-31,LOW,1.0,0.4591,0.1524,2.1154,0.5035,0.5016,0.6579,STABLE,NEUTRAL,0.4581690090911175,f92d25d877d6f1ef,e40a34410cee0e70,1.2.0,0.3796877782792615,0.14140766336450153,0.2227629553688119,0.0840313558314756,0.0,0.06445877515424686,0.10765147200170279,0.0,0.0,0.0
2018-08-31,LOW,1.0,0.4485,0.1078,1.9933,0.5271,0.5006,0.6574,WORSENING,PERSISTENT,0.36133717864534476,f92d25d877d6f1ef,e40a34410cee0e70,1.2.0,0.45126161803599996,0.14846721660164264,0.10655314120038634,0.18069222321959644,0.0,0.0,0.11302580094237466,0.0,0.0,0.0
2018-09-30,LOW,1.0,0.4304,0.063,1.9933,0.5052,0.4996,0.6569,STABLE,NEUTRAL,0.30839908886685424,f92d25d877d6f1ef,e40a34410cee0e70,1.2.0,0.3645616988362493,0.08096759136796614,0.25650869706978124,0.18330308011590535,0.0,0.0,0.1146589326100979,0.0,0.0,0.0
2018-10-31,HIGH,0.5,0.6624,0.6001,2.3916,0.4425,0.5006,0.6584,STABLE,CHOPPY,2.0,f92d25d877d6f1ef,e40a34410cee0e70,1.2.0,0.0,0.0,0.0,0.0,0.0,0.0,0.0,0.5,0.3,0.2
2018-11-30,HIGH,0.5,0.6725,0.7209,2.9524,0.456,0.5016,0.6607,STABLE,CHOPPY,0.0,f92d25d877d6f1ef,e40a34410cee0e70,1.2.0,0.0,0.0,0.0,0.0,0.0,0.0,0.0,0.5,0.3,0.2
2018-12-31,HIGH,0.5,0.7164,0.8868,3.8387,0.4166,0.5031,0.6649,STABLE,CHOPPY,0.0,f92d25d877d6f1ef,e40a34410cee0e70,1.2.0,0.0,0.0,0.0,0.0,0.0,0.0,0.0,0.5,0.3,0.2
2019-01-31,HIGH,0.5,0.7214,0.8715,3.8417,0.3527,0.5046,0.6725,STABLE,CHOPPY,0.0,f92d25d877d6f1ef,e40a34410cee0e70,1.2.0,0.0,0.0,0.0,0.0,0.0,0.0,0.0,0.5,0.3,0.2
2019-02-28,MID,0.8,0.6248,0.8196,4.7996,0.5499,0.5059,0.67,STABLE,PERSISTENT,2.0,f92d25d877d6f1ef,e40a34410cee0e70,1.2.0,0.14307203733938867,0.06712802457563208,0.05683081718462663,0.15932100943152214,0.09143949692291323,0.4,0.08220861454591719,0.0,0.0,0.0
2019-03-31,MID,0.8,0.5134,0.5087,4.0703,0.4418,0.5071,0.6674,STABLE,CHOPPY,0.13425604915126424,f92d25d877d6f1ef,e40a34410cee0e70,1.2.0,0.153367279871715,0.0,0.0609202748949276,0.17078550286500596,0.0980193417015416,0.42878338136166877,0.0881242193051411,0.0,0.0,0.0
2019-04-30,LOW,1.0,0.3635,0.1684,3.6532,0.4245,0.5059,0.6649,WORSENING,CHOPPY,0.29972276141204673,f92d25d877d6f1ef,e40a34410cee0e70,1.2.0,0.2956492835359175,0.0,0.0627891754211216,0.10855869294270021,0.10102636029427046,0.34114881057795116,0.09082767722803906,0.0,0.0,0.0
2019-05-31,LOW,1.0,0.4542,0.3783,3.6221,0.5032,0.5046,0.6624,WORSENING,NEUTRAL,0.3389266555825545,f92d25d877d6f1ef,e40a34410cee0e70,1.2.0,0.1889751311657619,0.0863811347344247,0.0,0.11108693403056441,0.17151994145501015,0.3490938808123029,0.092942977801936,0.0,0.0,0.0
2019-06-30,LOW,1.0,0.4477,0.3706,3.6221,0.5165,0.5031,0.6615,STABLE,NEUTRAL,0.15442841689962833,f92d25d877d6f1ef,e40a34410cee0e70,1.2.0,0.12124751886846413,0.08509973266019853,0.0,0.10943903917338488,0.24873414990482426,0.3439153238930422,0.09156423550008598,0.0,0.0,0.0
2019-07-31,LOW,1.0,0.4607,0.4061,3.6221,0.5402,0.5016,0.6607,STABLE,PERSISTENT,0.3920864932655926,f92d25d877d6f1ef,e40a34410cee0e70,1.2.0,0.23397538138723584,0.08841420482460388,0.0,0.11370148087208956,0.2584218703056447,0.14787207726024598,0.15761498535018018,0.0,0.0,0.0
2019-08-31,MID,0.8,0.5895,0.6445,3.5387,0.5115,0.5031,0.6598,STABLE,NEUTRAL,0.2253147842593402,f92d25d877d6f1ef,e40a34410cee0e70,1.2.0,0.2190157300158776,0.08276127812517939,0.0,0.1064317651260619,0.24189918717724912,0.260529469389916,0.08936257016571596,0.0,0.0,0.0
2019-09-30,MID,0.8,0.5599,0.6101,3.5387,0.5738,0.5046,0.6589,STABLE,PERSISTENT,0.15732829830201672,f92d25d877d6f1ef,e40a34410cee0e70,1.2.0,0.14480037000140297,0.08205384402210533,0.0,0.1055219983606591,0.2398314601146457,0.3391936185409243,0.08859870896026241,0.0,0.0,0.0
2019-10-31,MID,0.8,0.6028,0.6569,3.5308,0.4782,0.5059,0.6584,STABLE,CHOPPY,1.942890293094024e-16,f92d25d877d6f1ef,e40a34410cee0e70,1.2.0,0.144800370001403,0.08205384402210535,0.0,0.10552199836065913,0.23983146011464576,0.33919361854092434,0.08859870896026242,0.0,0.0,0.0
2019-11-30,LOW,1.0,0.3281,0.1823,3.5885,0.6514,0.5046,0.6579,STABLE,PERSISTENT,0.668193888288505,f92d25d877d6f1ef,e40a34410cee0e70,1.2.0,0.3385475574512228,0.13765975990744836,0.0,0.10409179566266723,0.13953184355408593,0.10682649365522352,0.17334254976935218,0.0,0.0,0.0
2019-12-31,LOW,1.0,0.4407,0.1419,2.2443,0.488,0.5031,0.6574,WORSENING,NEUTRAL,0.11139896832245813,f92d25d877d6f1ef,e40a34410cee0e70,1.2.0,0.31743528287061273,0.12907511474932862,0.0,0.09760049326437534,0.13083045277746805,0.1625259778164526,0.16253267852176267,0.0,0.0,0.0
2020-01-31,LOW,1.0,0.4293,0.1445,2.2978,0.5204,0.5016,0.6569,WORSENING,PERSISTENT,0.18644423405325983,f92d25d877d6f1ef,e40a34410cee0e70,1.2.0,0.4106573998972426,0.12614254203830078,0.0,0.09538302056496444,0.12785799897541852,0.15883340509782073,0.08112563342625283,0.0,0.0,0.0
2020-02-29,CRISIS,0.2,0.7295,0.6757,2.1709,0.4239,0.5031,0.6584,WORSENING,CHOPPY,1.9999999999999998,f92d25d877d6f1ef,e40a34410cee0e70,1.2.0,0.0,0.0,0.0,0.0,0.0,0.0,0.0,0.5,0.3,0.2
2020-03-31,CRISIS,0.2,0.9739,0.9813,1.957,0.0837,0.5046,0.6607,WORSENING,CHOPPY,0.0,f92d25d877d6f1ef,e40a34410cee0e70,1.2.0,0.0,0.0,0.0,0.0,0.0,0.0,0.0,0.5,0.3,0.2
2020-04-30,CRISIS,0.2,0.8893,0.9845,1.883,0.5145,0.5059,0.6649,WORSENING,NEUTRAL,0.0,f92d25d877d6f1ef,e40a34410cee0e70,1.2.0,0.0,0.0,0.0,0.0,0.0,0.0,0.0,0.5,0.3,0.2
2020-05-31,CRISIS,0.2,0.8658,0.977,1.7184,0.6135,0.5071,0.6725,WORSENING,PERSISTENT,0.0,f92d25d877d6f1ef,e40a34410cee0e70,1.2.0,0.0,0.0,0.0,0.0,0.0,0.0,0.0,0.5,0.3,0.2
2020-06-30,HIGH,0.5,0.8473,0.9183,1.8222,0.5589,0.508,0.6771,STABLE,PERSISTENT,0.0,f92d25d877d6f1ef,e40a34410cee0e70,1.2.0,0.0,0.0,0.0,0.0,0.0,0.0,0.0,0.5,0.3,0.2
2020-07-31,HIGH,0.5,0.7839,0.8303,1.8222,0.6561,0.5088,0.682,STABLE,PERSISTENT,0.0,f92d25d877d6f1ef,e40a34410cee0e70,1.2.0,0.0,0.0,0.0,0.0,0.0,0.0,0.0,0.5,0.3,0.2
2020-08-31,HIGH,0.5,0.7495,0.7486,1.8222,0.624,0.5091,0.6863,STABLE,PERSISTENT,0.0,f92d25d877d6f1ef,e40a34410cee0e70,1.2.0,0.0,0.0,0.0,0.0,0.0,0.0,0.0,0.5,0.3,0.2
2020-09-30,HIGH,0.5,0.7321,0.6709,1.8183,0.5168,0.5094,0.6889,STABLE,NEUTRAL,0.0,f92d25d877d6f1ef,e40a34410cee0e70,1.2.0,0.0,0.0,0.0,0.0,0.0,0.0,0.0,0.5,0.3,0.2
2020-10-31,HIGH,0.5,0.7742,0.751,1.9169,0.5068,0.5095,0.6892,STABLE,NEUTRAL,0.0,f92d25d877d6f1ef,e40a34410cee0e70,1.2.0,0.0,0.0,0.0,0.0,0.0,0.0,0.0,0.5,0.3,0.2
2020-11-30,HIGH,0.5,0.7936,0.8133,1.9169,0.5651,0.5096,0.6919,STABLE,PERSISTENT,0.0,f92d25d877d6f1ef,e40a34410cee0e70,1.2.0,0.0,0.0,0.0,0.0,0.0,0.0,0.0,0.5,0.3,0.2
2020-12-31,HIGH,0.5,0.7096,0.6299,1.9169,0.527,0.5115,0.6957,STABLE,PERSISTENT,0.0,f92d25d877d6f1ef,e40a34410cee0e70,1.2.0,0.0,0.0,0.0,0.0,0.0,0.0,0.0,0.5,0.3,0.2
2021-01-31,MID,0.8,0.6549,0.5547,1.9169,0.6119,0.5134,0.6945,STABLE,PERSISTENT,2.0,f92d25d877d6f1ef,e40a34410cee0e70,1.2.0,0.3236862182706458,0.0786296045746461,0.0,0.22408930949395112,0.13711113832245653,0.09438986786241717,0.14209386147588335,0.0,0.0,0.0
2021-02-28,MID,0.8,0.6161,0.4713,1.9153,0.5978,0.5148,0.6932,STABLE,PERSISTENT,0.0,f92d25d877d6f1ef,e40a34410cee0e70,1.2.0,0.3236862182706458,0.0786296045746461,0.0,0.22408930949395112,0.13711113832245653,0.09438986786241717,0.14209386147588335,0.0,0.0,0.0
2021-03-31,MID,0.8,0.6018,0.6047,3.4287,0.3776,0.5161,0.6919,STABLE,CHOPPY,0.49971607447666155,f92d25d877d6f1ef,e40a34410cee0e70,1.2.0,0.33468705187820796,0.19342741659142518,0.0668826757723097,0.13709958078246667,0.0686326976580273,0.0,0.19927057731756317,0.0,0.0,0.0
2021-04-30,MID,0.8,0.6045,0.512,2.6869,0.3742,0.5172,0.6906,STABLE,CHOPPY,0.27965283701589766,f92d25d877d6f1ef,e40a34410cee0e70,1.2.0,0.26363591995367514,0.27284191011458003,0.06605921846661482,0.0699927550223747,0.06778769414039817,0.0,0.2596825023023572,0.0,0.0,0.0
2021-05-31,MID,0.8,0.5645,0.4661,2.8579,0.3925,0.5184,0.6893,STABLE,CHOPPY,0.3734006737202615,f92d25d877d6f1ef,e40a34410cee0e70,1.2.0,0.07693558309354433,0.3280045632382623,0.1384512054515706,0.07054760880324325,0.06832506773539579,0.0,0.3177359716779836,0.0,0.0,0.0
2021-06-30,MID,0.8,0.5248,0.2789,2.1951,0.44,0.5193,0.6892,WORSENING,CHOPPY,0.5979582874051272,f92d25d877d6f1ef,e40a34410cee0e70,1.2.0,0.3759147267961079,0.19372270531211117,0.1377030807101922,0.07016640293783637,0.06795587142928572,0.0,0.15453721281446653,0.0,0.0,0.0
2021-07-31,MID,0.8,0.5341,0.2999,2.1951,0.4458,0.5202,0.6891,WORSENING,CHOPPY,0.4990808808421354,f92d25d877d6f1ef,e40a34410cee0e70,1.2.0,0.2654963887461098,0.10724271941743505,0.08506096423379873,0.07244893642974004,0.07016649568839539,0.0,0.39958449548452096,0.0,0.0,0.0
2021-08-31,LOW,1.0,0.4668,0.1634,2.1951,0.4412,0.5193,0.689,WORSENING,CHOPPY,0.4939997982666753,f92d25d877d6f1ef,e40a34410cee0e70,1.2.0,0.16494876262308308,0.3542426185507727,0.0840877138212474,0.07161999029793575,0.06936366478363029,0.0,0.25573724992333075,0.0,0.0,0.0
2021-09-30,LOW,1.0,0.4533,0.2907,3.035,0.4488,0.5184,0.6889,STABLE,CHOPPY,0.7732011975808275,f92d25d877d6f1ef,e40a34410cee0e70,1.2.0,0.08345178419076951,0.19915882184514364,0.39956081017681017,0.07154135337074626,0.06928750524445,0.07112750243485096,0.10587222273722947,0.0,0.0,0.0
2021-10-31,LOW,1.0,0.4526,0.3055,3.3107,0.4067,0.5172,0.6881,STABLE,CHOPPY,0.0,f92d25d877d6f1ef,e40a34410cee0e70,1.2.0,0.08345178419076951,0.19915882184514364,0.39956081017681017,0.07154135337074626,0.06928750524445,0.07112750243485096,0.10587222273722947,0.0,0.0,0.0
2021-11-30,MID,0.8,0.5664,0.4382,2.7689,0.3473,0.5184,0.6872,STABLE,CHOPPY,0.47259288309244785,f92d25d877d6f1ef,e40a34410cee0e70,1.2.0,0.3197482257369935,0.1939656866614336,0.31349863187138566,0.06967588783003958,0.0,0.0,0.10311156790014776,0.0,0.0,0.0
2021-12-31,MID,0.8,0.599,0.5243,2.7689,0.3991,0.5193,0.6863,WORSENING,CHOPPY,0.19575626279037175,f92d25d877d6f1ef,e40a34410cee0e70,1.2.0,0.22187009434180763,0.20152137457903932,0.39709035862249037,0.07239002388620087,0.0,0.0,0.10712814857046192,0.0,0.0,0.0
2022-01-31,MID,0.8,0.6396,0.6602,3.161,0.4017,0.5202,0.6854,STABLE,CHOPPY,0.25495728343018337,f92d25d877d6f1ef,e40a34410cee0e70,1.2.0,0.09439145262671592,0.20263516932974762,0.3992850496715887,0.0727901185599124,0.06121539618941792,0.0619625751570756,0.10772023846554192,0.0,0.0,0.0
2022-02-28,MID,0.8,0.5945,0.7777,7.7037,0.3611,0.5218,0.6837,STABLE,CHOPPY,0.14552360823707433,f92d25d877d6f1ef,e40a34410cee0e70,1.2.0,0.10300494060901891,0.12987336521121037,0.43572094382463683,0.0794324234932381,0.0668014748515894,0.06761683602091316,0.11755001598939312,0.0,0.0,0.0
2022-03-31,MID,0.8,0.6414,0.8388,5.7187,0.4148,0.5235,0.682,STABLE,CHOPPY,0.1160727165366133,f92d25d877d6f1ef,e40a34410cee0e70,1.2.0,0.1029839512200734,0.1298469008245512,0.4356321566625107,0.07941623749262758,0.12483783311989603,0.06760305769084358,0.05967986298949737,0.0,0.0,0.0
2022-04-30,CRISIS,0.2,0.7018,0.8839,4.6003,0.3529,0.5241,0.6863,WORSENING,CHOPPY,2.0,f92d25d877d6f1ef,e40a34410cee0e70,1.2.0,0.0,0.0,0.0,0.0,0.0,0.0,0.0,0.5,0.3,0.2
2022-05-31,CRISIS,0.2,0.7863,0.9066,2.7595,0.4221,0.5248,0.6889,WORSENING,CHOPPY,0.0,f92d25d877d6f1ef,e40a34410cee0e70,1.2.0,0.0,0.0,0.0,0.0,0.0,0.0,0.0,0.5,0.3,0.2
2022-06-30,CRISIS,0.2,0.7821,0.9171,2.9745,0.391,0.5254,0.6892,WORSENING,CHOPPY,0.0,f92d25d877d6f1ef,e40a34410cee0e70,1.2.0,0.0,0.0,0.0,0.0,0.0,0.0,0.0,0.5,0.3,0.2
2022-07-31,CRISIS,0.2,0.7692,0.909,2.9745,0.4352,0.526,0.6919,WORSENING,CHOPPY,0.0,f92d25d877d6f1ef,e40a34410cee0e70,1.2.0,0.0,0.0,0.0,0.0,0.0,0.0,0.0,0.5,0.3,0.2
2022-08-31,HIGH,0.5,0.7196,0.8674,3.1855,0.512,0.5273,0.6957,STABLE,NEUTRAL,0.0,f92d25d877d6f1ef,e40a34410cee0e70,1.2.0,0.0,0.0,0.0,0.0,0.0,0.0,0.0,0.5,0.3,0.2
2022-09-30,CRISIS,0.2,0.7176,0.8235,2.8316,0.5303,0.5286,0.6992,WORSENING,PERSISTENT,0.0,f92d25d877d6f1ef,e40a34410cee0e70,1.2.0,0.0,0.0,0.0,0.0,0.0,0.0,0.0,0.5,0.3,0.2
2022-10-31,HIGH,0.5,0.7427,0.8773,2.9549,0.4953,0.5294,0.7002,STABLE,NEUTRAL,0.0,f92d25d877d6f1ef,e40a34410cee0e70,1.2.0,0.0,0.0,0.0,0.0,0.0,0.0,0.0,0.5,0.3,0.2
2022-11-30,HIGH,0.5,0.73,0.8982,3.5212,0.4473,0.5301,0.7011,STABLE,CHOPPY,0.0,f92d25d877d6f1ef,e40a34410cee0e70,1.2.0,0.0,0.0,0.0,0.0,0.0,0.0,0.0,0.5,0.3,0.2
2022-12-31,HIGH,0.5,0.7136,0.8743,3.4524,0.4867,0.5321,0.7037,STABLE,NEUTRAL,0.0,f92d25d877d6f1ef,e40a34410cee0e70,1.2.0,0.0,0.0,0.0,0.0,0.0,0.0,0.0,0.5,0.3,0.2
2023-01-31,MID,0.8,0.6751,0.7984,3.5212,0.4727,0.5341,0.7018,STABLE,CHOPPY,2.0,f92d25d877d6f1ef,e40a34410cee0e70,1.2.0,0.06635804406953619,0.0931122169332176,0.4000000000000001,0.10428581894282683,0.1139660244779626,0.11847072968283184,0.10380716589362493,0.0,0.0,0.0
2023-02-28,MID,0.8,0.609,0.6863,3.5212,0.5227,0.5405,0.7015,STABLE,PERSISTENT,0.0,f92d25d877d6f1ef,e40a34410cee0e70,1.2.0,0.06635804406953619,0.0931122169332176,0.4000000000000001,0.10428581894282683,0.1139660244779626,0.11847072968283184,0.10380716589362493,0.0,0.0,0.0
2023-03-31,MID,0.8,0.5922,0.63,3.3627,0.5062,0.5468,0.7011,STABLE,NEUTRAL,0.09812232452636857,f92d25d877d6f1ef,e40a34410cee0e70,1.2.0,0.06272534065609132,0.0880148836252577,0.37810240814428975,0.09857679819395551,0.1077270707543718,0.11198517046922474,0.15286832815680917,0.0,0.0,0.0
2023-04-30,MID,0.8,0.5982,0.5944,2.9005,0.529,0.5471,0.7008,WORSENING,PERSISTENT,0.17602976725051533,f92d25d877d6f1ef,e40a34410cee0e70,1.2.0,0.06877890826270563,0.0,0.4145927398983168,0.10809035852011589,0.11812371585909286,0.12279276104239523,0.16762151641737352,0.0,0.0,0.0
2023-05-31,LOW,1.0,0.5305,0.5325,3.4491,0.5486,0.5468,0.7005,STABLE,PERSISTENT,0.4656518927607015,f92d25d877d6f1ef,e40a34410cee0e70,1.2.0,0.3016048546430564,0.0,0.2549932652265222,0.10612962955895829,0.11598098459373793,0.056710357124730625,0.16458090885299456,0.0,0.0,0.0
2023-06-30,LOW,1.0,0.4631,0.3452,3.1499,0.4996,0.5405,0.7002,STABLE,NEUTRAL,0.3615840132278344,f92d25d877d6f1ef,e40a34410cee0e70,1.2.0,0.40440681092045433,0.07310507971774752,0.074201258612605,0.10729886258526876,0.11725875026741975,0.05733513667743094,0.16639410121907375,0.0,0.0,0.0
2023-07-31,LOW,1.0,0.4049,0.2172,3.1499,0.4711,0.5341,0.6998,STABLE,CHOPPY,0.23827945098320222,f92d25d877d6f1ef,e40a34410cee0e70,1.2.0,0.36880606692244516,0.06666949268581322,0.12897478009900532,0.09785312815393872,0.10693622691452298,0.0,0.23076030522427446,0.0,0.0,0.0
2023-08-31,LOW,1.0,0.3794,0.2156,3.5047,0.4979,0.5323,0.6995,STABLE,NEUTRAL,0.25502824631335314,f92d25d877d6f1ef,e40a34410cee0e70,1.2.0,0.35395909552851135,0.06398558876033225,0.2564889032556819,0.0939138692186621,0.10263131101326421,0.0,0.1290212322235481,0.0,0.0,0.0
2023-09-30,LOW,1.0,0.382,0.2378,3.991,0.4361,0.5305,0.6992,STABLE,CHOPPY,0.13215137893104534,f92d25d877d6f1ef,e40a34410cee0e70,1.2.0,0.2878834060629887,0.07052989867001992,0.28272204268319145,0.10351917999085622,0.11312822318866224,0.0,0.14221724940428143,0.0,0.0,0.0
2023-10-31,LOW,1.0,0.4393,0.3869,4.4607,0.4434,0.5303,0.698,STABLE,CHOPPY,0.2945235121083476,f92d25d877d6f1ef,e40a34410cee0e70,1.2.0,0.3863993443062125,0.06813176650019825,0.1500604052499967,0.09999935817895908,0.10928167815656487,0.04874581781095003,0.13738162979711857,0.0,0.0,0.0
2023-11-30,LOW,1.0,0.4111,0.4226,5.7377,0.5241,0.5301,0.6969,STABLE,PERSISTENT,0.11072258857845063,f92d25d877d6f1ef,e40a34410cee0e70,1.2.0,0.4115676832628085,0.07256956749095184,0.09469911096077144,0.10651287270525593,0.11639980182348911,0.05192090411340042,0.14633005964332285,0.0,0.0,0.0
2023-12-31,LOW,1.0,0.3576,0.3641,7.0725,0.5465,0.5294,0.6957,STABLE,PERSISTENT,2.498001805406602e-16,f92d25d877d6f1ef,e40a34410cee0e70,1.2.0,0.4115676832628084,0.07256956749095182,0.09469911096077141,0.1065128727052559,0.11639980182348908,0.051920904113400404,0.14633005964332282,0.0,0.0,0.0
2024-01-31,LOW,1.0,0.2928,0.2168,6.9245,0.5112,0.5286,0.6945,STABLE,NEUTRAL,0.1111280077534742,f92d25d877d6f1ef,e40a34410cee0e70,1.2.0,0.3869099326146149,0.12813357136768905,0.08902551908357526,0.10013149738645592,0.10942608302684105,0.048810230561707864,0.13756316595911602,0.0,0.0,0.0
2024-02-29,LOW,1.0,0.2881,0.2263,8.2264,0.4898,0.5273,0.6932,STABLE,NEUTRAL,0.0,f92d25d877d6f1ef,e40a34410cee0e70,1.2.0,0.3869099326146149,0.12813357136768905,0.08902551908357526,0.10013149738645592,0.10942608302684105,0.048810230561707864,0.13756316595911602,0.0,0.0,0.0
2024-03-31,LOW,1.0,0.2627,0.2344,10.744,0.5518,0.526,0.6919,STABLE,PERSISTENT,0.0,f92d25d877d6f1ef,e40a34410cee0e70,1.2.0,0.3869099326146149,0.12813357136768905,0.08902551908357526,0.10013149738645592,0.10942608302684105,0.048810230561707864,0.13756316595911602,0.0,0.0,0.0
2024-04-30,LOW,1.0,0.3617,0.4054,11.4088,0.4678,0.5254,0.6906,STABLE,CHOPPY,0.234509502975149,f92d25d877d6f1ef,e40a34410cee0e70,1.2.0,0.3224609854578022,0.24538832285526346,0.08884744425226804,0.09993120763033675,0.057371439887077665,0.04871259705546363,0.13728800286178816,0.0,0.0,0.0
2024-05-31,LOW,1.0,0.2922,0.2739,10.9467,0.4977,0.5248,0.6893,STABLE,NEUTRAL,0.22241994517272812,f92d25d877d6f1ef,e40a34410cee0e70,1.2.0,0.2982307088580027,0.226949419529633,0.139046299448217,0.09242220371658445,0.0,0.045052248195359676,0.19829912025220336,0.0,0.0,0.0
2024-06-30,LOW,1.0,0.2498,0.2074,10.9467,0.5435,0.5241,0.6892,STABLE,PERSISTENT,0.10192044352919621,f92d25d877d6f1ef,e40a34410cee0e70,1.2.0,0.2785710598720723,0.277909641294231,0.1298802365353395,0.08632964507119248,0.0,0.04208236159669454,0.18522705563047015,0.0,0.0,0.0
2024-07-31,LOW,1.0,0.2668,0.2222,8.9045,0.5587,0.5235,0.6891,WORSENING,PERSISTENT,0.2663138574445032,f92d25d877d6f1ef,e40a34410cee0e70,1.2.0,0.14813433011941396,0.41106657001648256,0.12908365319269124,0.08580016684513661,0.0,0.04182426144873164,0.1840910183775439,0.0,0.0,0.0
2024-08-31,LOW,1.0,0.5125,0.5522,4.6519,0.4629,0.5218,0.689,WORSENING,CHOPPY,0.5117010947941572,f92d25d877d6f1ef,e40a34410cee0e70,1.2.0,0.23311177911470213,0.3519476037715685,0.0,0.13674490998523134,0.0,0.1617526167104273,0.1164430904180707,0.0,0.0,0.0
2024-09-30,MID,0.8,0.5531,0.6298,3.9874,0.5615,0.5235,0.6889,WORSENING,PERSISTENT,0.6511554371616436,f92d25d877d6f1ef,e40a34410cee0e70,1.2.0,0.28602971759928075,0.10939647029114556,0.0,0.0537183248848325,0.10995664207472682,0.231764632842508,0.20913421230750642,0.0,0.0,0.0
2024-10-31,MID,0.8,0.5388,0.538,3.5432,0.4974,0.5241,0.6881,WORSENING,NEUTRAL,0.6101803061828778,f92d25d877d6f1ef,e40a34410cee0e70,1.2.0,0.12662554448838342,0.4144866233825844,0.0,0.05304703158035282,0.10858256427602253,0.17371070403509786,0.1235475322375589,0.0,0.0,0.0
2024-11-30,LOW,1.0,0.4788,0.3871,3.5432,0.4203,0.5235,0.6872,WORSENING,CHOPPY,0.25794986345419213,f92d25d877d6f1ef,e40a34410cee0e70,1.2.0,0.1810364998467537,0.2860864199515064,0.0,0.05295611608323285,0.1083964683246447,0.17341298718757758,0.19811150860628468,0.0,0.0,0.0
2024-12-31,MID,0.8,0.53,0.4267,2.8852,0.4563,0.5241,0.6863,WORSENING,CHOPPY,0.13090774991151885,f92d25d877d6f1ef,e40a34410cee0e70,1.2.0,0.1776133589556028,0.35154029490726596,0.0,0.0,0.10634684637828286,0.17013399600071238,0.1943655037581362,0.0,0.0,0.0
2025-01-31,MID,0.8,0.5755,0.5251,2.9053,0.4679,0.5248,0.6854,WORSENING,CHOPPY,0.2413943615733232,f92d25d877d6f1ef,e40a34410cee0e70,1.2.0,0.0785959838287623,0.33985567341420125,0.05242103905992696,0.0,0.10281205203204972,0.23841013772744696,0.18790511393761286,0.0,0.0,0.0
2025-02-28,LOW,1.0,0.5231,0.5028,3.602,0.4743,0.5241,0.6837,STABLE,CHOPPY,0.22678673199742133,f92d25d877d6f1ef,e40a34410cee0e70,1.2.0,0.07828866532049611,0.33852680222395054,0.05221606732039433,0.054555490299703566,0.1024100461670794,0.297248013426454,0.07675491524192203,0.0,0.0,0.0
2025-03-31,MID,0.8,0.5733,0.6509,4.0508,0.5012,0.5248,0.682,STABLE,NEUTRAL,0.2969915300724103,f92d25d877d6f1ef,e40a34410cee0e70,1.2.0,0.08297474402595761,0.1900310371877454,0.05534153382504534,0.05782098627300792,0.10853994421303882,0.42394256530637114,0.08134918916883375,0.0,0.0,0.0
2025-04-30,CRISIS,0.2,0.877,0.9414,2.353,0.2434,0.5254,0.6863,WORSENING,CHOPPY,2.0,f92d25d877d6f1ef,e40a34410cee0e70,1.2.0,0.0,0.0,0.0,0.0,0.0,0.0,0.0,0.5,0.3,0.2
2025-05-31,CRISIS,0.2,0.8594,0.9429,2.353,0.3351,0.526,0.6889,WORSENING,CHOPPY,0.0,f92d25d877d6f1ef,e40a34410cee0e70,1.2.0,0.0,0.0,0.0,0.0,0.0,0.0,0.0,0.5,0.3,0.2
2025-06-30,CRISIS,0.2,0.825,0.9302,2.353,0.4753,0.5273,0.6892,WORSENING,CHOPPY,0.0,f92d25d877d6f1ef,e40a34410cee0e70,1.2.0,0.0,0.0,0.0,0.0,0.0,0.0,0.0,0.5,0.3,0.2
2025-07-31,MID,0.8,0.5543,0.3322,2.2713,0.3796,0.5286,0.6891,STABLE,CHOPPY,2.0,f92d25d877d6f1ef,e40a34410cee0e70,1.2.0,0.15490266747837086,0.1683313959969427,0.0,0.0,0.08222639180957694,0.29264902848038393,0.3018905162347256,0.0,0.0,0.0
2025-08-31,LOW,1.0,0.4806,0.1446,1.9985,0.4584,0.5273,0.689,WORSENING,CHOPPY,0.4189102992364324,f92d25d877d6f1ef,e40a34410cee0e70,1.2.0,0.29743781884037956,0.234871834098786,0.0,0.0,0.08260595196394106,0.13377469295667385,0.2513097021402194,0.0,0.0,0.0
2025-09-30,LOW,1.0,0.4615,0.103,2.0053,0.4459,0.526,0.6889,WORSENING,CHOPPY,0.12828722463839531,f92d25d877d6f1ef,e40a34410cee0e70,1.2.0,0.23329420652118196,0.23565181190788723,0.06181049769555248,0.0,0.08288027523339046,0.13421894074111296,0.2521442679008749,0.0,0.0,0.0
2025-10-31,LOW,1.0,0.5186,0.2013,1.8941,0.4104,0.5254,0.6881,WORSENING,CHOPPY,0.357170793711346,f92d25d877d6f1ef,e40a34410cee0e70,1.2.0,0.41186652033812066,0.13994669028560466,0.061812302060967286,0.0,0.0,0.13422285884602578,0.25215162846928163,0.0,0.0,0.0
2025-11-30,MID,0.8,0.6268,0.4076,1.8826,0.3851,0.526,0.6872,STABLE,CHOPPY,0.47348163839416413,f92d25d877d6f1ef,e40a34410cee0e70,1.2.0,0.2911139499858221,0.234190077694327,0.061889612853498685,0.0,0.0,0.27664297984185404,0.1361633796244981,0.0,0.0,0.0
